Employee_ID,Employee_Name,Department,Experience_Years,Monthly_Sales,Customer_Satisfaction
1001,adarsh ,HR ,15,41834,20
1002,pratyush singh ,Marketing,13,38047,15
1003,Amit,IT,1,46105,7
1004,Priya,Marketing,9,95766,10
1005,Karan,Marketing,7,35707,9
1006,Divya,HR,9,41976,4
1007,Neha,IT,8,64262,1
1008,Arjun,IT,1,43776,2
1009,Simran,IT,12,50080,1
1010,Rohit,Marketing,8,86842,5
1011,Meena,Finance,8,81373,5
1012,Vivek,IT,15,26776,7
1013,Pooja,Support,11,112787,9
1014,Nitin,Marketing,3,75016,9
1015,Anjali,HR,1,29474,3
1016,Harsh,Finance,8,78053,3
1017,Rakesh,Support,3,41959,3
1018,Deepa,Support,3,25530,4
1019,Suman,HR,1,114856,8
1020,Rahul,Finance,11,23748,6
1021,Isha,Marketing,5,117504,8
1022,Tanya,Sales,10,118098,1
1023,Gaurav,Finance,7,33545,8
1024,Manoj,HR,10,86199,4
1025,Rekha,Support,9,54766,1
1026,Tanuj,Marketing,12,93530,8
1027,Sahil,Finance,7,113557,4
1028,Nidhi,Sales,9,81087,6
1029,Kabir,Sales,8,115839,8
1030,Preeti,IT,12,88840,4
1031,Vikas,IT,2,74384,3
1032,Monika,HR,1,71005,9
1033,Rajesh,Finance,7,66576,3
1034,Sheetal,Finance,7,59353,9
1035,Yash,Support,14,82003,2
1036,Poonam,Support,8,103211,2
1037,Ankit,Support,5,72733,2
1038,Shreya,IT,3,85318,6
1039,Tarun,Finance,12,109474,3
1040,Komal,Finance,8,43664,9
1041,Aditya,Sales,6,87172,4
1042,Chirag,IT,11,105616,1
1043,Geeta,Marketing,3,113264,4
1044,Arnav,IT,1,46736,1
1045,Payal,Marketing,3,114209,5
1046,Dev,Sales,5,20854,4
1047,Shweta,HR,15,110084,8
1048,Varun,Finance,14,58623,8
1049,Juhi,Sales,3,27392,7
1050,Manish,Finance,1,75680,3
1051,Ritu,Support,5,66717,1
1052,Rohan,HR,10,107092,1
1053,Ira,HR,7,70859,3
1054,Ria,Sales,15,46309,6
1055,Krishna,HR,14,107455,7
1056,Lakshmi,Marketing,7,83734,6
1057,Sunny,HR,11,90467,6
1058,Bhavana,Finance,9,72662,6
1059,Sameer,Finance,15,118506,3
1060,Sonia,Finance,15,32688,6
1061,Tejas,Finance,10,45342,8
1062,Diya,Marketing,10,57157,2
1063,Naveen,IT,12,87863,5
1064,Alok,Support,13,72083,1
1065,Namita,Sales,3,85733,1
1066,Rehan,Finance,15,109045,5
1067,Niharika,HR,7,54698,3
1068,Sudhir,Finance,1,100623,4
1069,Aarav,HR,4,42671,3
1070,Lavanya,Support,13,45184,1
1071,Tushar,Support,4,113384,1
1072,Rajni,Support,14,62107,5
1073,Sandeep,HR,5,106202,6
1074,Charu,Finance,7,71663,3
1075,Mahesh,Support,7,35708,9
1076,Snehal,Marketing,13,111906,5
1077,Prakash,HR,15,69811,8
1078,Mitali,HR,11,22811,1
1079,Harini,Finance,13,76250,5
1080,Jay,HR,4,92082,3
1081,Vandana,HR,13,54754,1
1082,Asha,Support,7,115742,4
1083,Kavita,Finance,11,31411,5
1084,Mohan,Support,3,22911,7
1085,Nisha,Support,6,87270,1
1086,Raghu,Finance,12,103763,3
1087,Tanvi,Sales,2,28680,2
1088,Hemant,Support,10,104896,9
1089,Usha,Marketing,13,103879,10
1090,Anaya,Marketing,14,91295,6
1091,Sujit,HR,9,108614,10
1092,Deepak,Marketing,5,31111,3
1093,Shalini,HR,6,57504,8
1094,Omkar,Sales,12,21802,8
1095,Vinay,Finance,12,28155,2
1096,Megha,Finance,12,93656,6
1097,Pritam,Finance,12,59384,7
1098,Ramesh,Marketing,4,67254,2
1099,Shivani,Sales,14,41918,10
1100,Niraj,Marketing,14,105981,2